,phi_value,ddEa,ddG,VDW_clashes_from_FoldX,Ab_position,new_aa,ddEa_sign,ddG_sign,ddEa_sign_ddG_sign
V36Y,0.018982970207909733,0.1771524,9.332175,8.30365,V-36,Y,+,+,+_+
G37F,0.3947948936337812,2.0047586,5.077975,5.61735,G-37,F,+,+,+_+
I41D,0.5073853029453479,1.5383415,3.0319,-0.0090952,I-41,D,+,+,+_+
G37V,0.23893509522681125,1.2856082,5.380575,5.555075,G-37,V,+,+,+_+
Y10P,-0.023308484832257892,-0.08705486,3.7349,2.52335,Y-10,P,-,+,-_+
G29C,0.08446472583293688,0.2751903,3.25805,2.74145,G-29,C,+,+,+_+
L17W,-0.010883234819620361,-0.03963266,3.641625,3.12215,L-17,W,-,+,-_+
F4A,0.043058917229375694,0.11812891,2.743425,0.15744675,F-4,A,+,+,+_+
V12D,0.032648731905250146,0.071169175,2.179845,0.009152225,V-12,D,+,+,+_+
L34P,0.5215226337036031,1.3006266,2.4939025,1.2832325,L-34,P,+,+,+_+
L17Q,-0.02914615767275873,-0.060640767,2.080575,0.000440375,L-17,Q,-,+,-_+
R5D,0.20950875653195425,0.46548027,2.22177,0.01921855,R-5,D,+,+,+_+
A42F,-0.012922212531343935,-0.041484825,3.21035,5.97895,A-42,F,-,+,-_+
E11W,0.1229908864686682,0.30445656,2.47544,3.377725,E-11,W,+,+,+_+
I31S,0.2606172732809851,0.6332687,2.42988,-0.22062275,I-31,S,+,+,+_+
A30I,0.2847149770723462,-0.56051624,-1.9686925,1.1279075,A-30,I,-,-,-_-
N27M,-0.0013872182454111152,0.0033821664,-2.4380925,0.05143875,N-27,M,+,-,+_-
V24Y,0.07451270755263079,0.36685959,4.92345,4.97235,V-24,Y,+,+,+_+
I41T,0.6835445467500303,1.2999035,1.90171,-0.012371975,I-41,T,+,+,+_+
I31D,0.41815219538928594,1.4497023,3.466925,-0.12422725,I-31,D,+,+,+_+
G38E,0.12463160901527805,1.5707384,12.60305,10.974475,G-38,E,+,+,+_+
F4D,0.08456336665591745,0.3146772,3.7212,0.09258425,F-4,D,+,+,+_+
G29Q,0.0811521577781768,0.27116182,3.3414,3.139575,G-29,Q,+,+,+_+
A30Y,0.5365365511639146,1.1822878,2.203555,3.872375,A-30,Y,+,+,+_+
F19H,0.22460179840246294,0.47857702,2.13078,-0.1389505,F-19,H,+,+,+_+
A2R,-0.022380164618997427,-0.040289164,1.8002175,0.6238625,A-2,R,-,+,-_+
G33W,0.21231610619726293,1.4606605,6.87965,10.420825,G-33,W,+,+,+_+
F19P,0.1299070385126162,0.332588,2.5602,0.6812275,F-19,P,+,+,+_+
H6E,0.22149038465637563,0.38966748,1.7592975,-0.06958075,H-6,E,+,+,+_+
H13D,0.12045687280234846,0.37340426,3.0999,0.176655,H-13,D,+,+,+_+
M35Q,0.3198603573371779,0.5790544,1.810335,-0.021430425,M-35,Q,+,+,+_+
G37N,0.2003132484421566,0.59148496,2.9528,3.4254,G-37,N,+,+,+_+
L17S,0.02128390064397424,0.04569281,2.146825,-0.10395725,L-17,S,+,+,+_+
I32M,-0.7527940211989606,1.6700773,-2.218505,-1.245255,I-32,M,+,-,+_-
N27F,0.1487995480187876,-0.44114974,-2.964725,0.01273665,N-27,F,-,-,-_-
G37L,0.4464980772316276,2.1567085,4.830275,5.767625,G-37,L,+,+,+_+
S8W,0.0018721287098221748,0.02127693,11.3651,11.6977,S-8,W,+,+,+_+
V24M,0.021015516767965505,-0.043817405,-2.0850025,-1.0815725,V-24,M,-,-,-_-
I31A,0.25538674740689854,0.7528099,2.947725,-0.094073,I-31,A,+,+,+_+
A42H,0.09483707322884641,0.17513017,1.8466425,1.89658,A-42,H,+,+,+_+
G38S,0.07698006528786526,0.85189027,11.066375,8.830425,G-38,S,+,+,+_+
V40N,0.22581559260051348,0.55697924,2.4665225,-0.055709,V-40,N,+,+,+_+
F4E,0.08625146065444336,0.29495412,3.4197,-0.012567375,F-4,E,+,+,+_+
I31F,0.3038828522458307,0.5584911,1.83785,1.871625,I-31,F,+,+,+_+
K28P,0.6085235295381283,1.2039136,1.9784175,1.7095575,K-28,P,+,+,+_+
G9L,-0.13826995464813463,0.3003856,-2.1724575,0.089058,G-9,L,+,-,+_-
A2E,0.11760844013754297,0.30098352,2.5592,0.4220925,A-2,E,+,+,+_+
A42L,0.3532985718557332,-0.6203128,-1.755775,0.3773425,A-42,L,-,-,-_-
I41G,0.5894031058931595,1.5399777,2.612775,-0.009435125,I-41,G,+,+,+_+
M35D,0.5034392777876118,1.8486542,3.67205,-0.1209035,M-35,D,+,+,+_+
H13E,0.13263973368332305,0.38150835,2.876275,0.02973475,H-13,E,+,+,+_+
F4V,0.0991491642452381,0.21403107,2.1586775,0.5387825,F-4,V,+,+,+_+
F4H,0.05205268183376393,0.124511056,2.39202,-0.0436145,F-4,H,+,+,+_+
H6P,0.024775234373358546,0.14739716,5.949375,4.858575,H-6,P,+,+,+_+
A21E,0.12448192629323024,0.44434446,3.56955,1.2152725,A-21,E,+,+,+_+
D23P,-0.10637493300199777,-0.43662655,4.1046,3.875525,D-23,P,-,+,-_+
V36A,0.33766614211354556,0.6415758,1.90003,-0.03854125,V-36,A,+,+,+_+
V36H,0.207683626596349,0.7403454,3.564775,2.13162,V-36,H,+,+,+_+
K28E,0.39379555402890015,0.8483577,2.15431,-0.0324175,K-28,E,+,+,+_+
E11D,-0.025104859238206535,-0.049730655,1.9809175,0.024847675,E-11,D,-,+,-_+
G37H,0.34780798831748033,1.7624822,5.0674,4.830825,G-37,H,+,+,+_+
G38F,0.07756415228297635,1.4830518,19.120325,21.0176,G-38,F,+,+,+_+
G29P,0.08498196038854548,0.6231281,7.332475,7.0429,G-29,P,+,+,+_+
V36F,0.010466618112616939,0.058849607,5.6226,5.754425,V-36,F,+,+,+_+
G38D,0.045048434485213035,0.7056826,15.664975,13.287475,G-38,D,+,+,+_+
I41S,0.5610667156053097,1.1464697,2.043375,-0.03615125,I-41,S,+,+,+_+
I31E,0.3592718518140233,1.2311438,3.426775,-0.17826825,I-31,E,+,+,+_+
G38L,0.12069646080867405,1.6697601,13.834375,13.542075,G-38,L,+,+,+_+
V36K,0.2593269753479487,0.71269536,2.74825,0.6650125,V-36,K,+,+,+_+
G29N,0.09302743209651601,0.35739744,3.84185,2.87395,G-29,N,+,+,+_+
G29E,0.2526274647587411,1.1863891,4.6962,2.983225,G-29,E,+,+,+_+
H6W,-0.06057372725192402,0.13830784,-2.2832975,0.396045,H-6,W,+,-,+_-
S8K,0.022927951588181037,0.08638507,3.767675,2.6265,S-8,K,+,+,+_+
D23F,-0.5577580343678004,1.2510192,-2.2429425,0.2492565,D-23,F,+,-,+_-
D23L,-0.684596170723821,1.1856658,-1.73192,0.104011,D-23,L,+,-,+_-
G37P,0.24862267471328417,1.9743686,7.941225,10.2378,G-37,P,+,+,+_+
V12S,0.038735161476831585,0.075034656,1.93712,-0.0102883,V-12,S,+,+,+_+
V36W,0.11792457412969252,1.2623295,10.70455,10.071775,V-36,W,+,+,+_+
G9I,-0.0595978740790819,0.116144486,-1.9488025,0.07612175,G-9,I,+,-,+_-
I32D,0.4668633611968692,1.4479417,3.101425,-1.1512225,I-32,D,+,+,+_+
L17E,0.0987179898522076,0.34583133,3.503225,-0.024126725,L-17,E,+,+,+_+
G38R,0.1270778617883455,1.7067637,13.43085,11.297525,G-38,R,+,+,+_+
G38K,0.05540561318072231,0.69173354,12.4849,10.84425,G-38,K,+,+,+_+
M35N,0.05168485843459869,0.121207066,2.3451175,-0.0845335,M-35,N,+,+,+_+
F19E,0.1645284563253012,0.43698758,2.656,-0.21593475,F-19,E,+,+,+_+
V36P,0.45490348943086983,1.511269,3.322175,1.1224725,V-36,P,+,+,+_+
H13G,0.14871578138507346,0.3057853,2.0561725,0.11084525,H-13,G,+,+,+_+
I41P,0.3492784847817925,1.3489659,3.86215,1.24484,I-41,P,+,+,+_+
H6G,0.06760058115713886,0.12539367,1.85492,-0.12511925,H-6,G,+,+,+_+
F4K,0.12673393353127094,0.22494893,1.77497,0.04893975,F-4,K,+,+,+_+
Y10D,0.053544913625806836,0.09815626,1.8331575,-0.006089275,Y-10,D,+,+,+_+
G29R,0.1528240793863284,1.0788081,7.05915,4.72065,G-29,R,+,+,+_+
V36R,0.21969659712753112,0.91436076,4.161925,0.93259,V-36,R,+,+,+_+
H13S,0.1640426115637814,0.3333473,2.0320775,0.15579425,H-13,S,+,+,+_+
V40E,0.44681637538191626,1.5026323,3.362975,-0.03500275,V-40,E,+,+,+_+
V24W,0.25133754868108477,0.71151775,2.830925,3.290225,V-24,W,+,+,+_+
D7M,-0.02669774056228657,0.04993779,-1.8704875,0.051669,D-7,M,+,-,+_-
L17N,-0.14144450784183044,-0.29499808,2.08561,-0.09049825,L-17,N,-,+,-_+
N27Y,0.033628748068006184,-0.07180074,-2.1351,0.023380675,N-27,Y,-,-,-_-
G9M,-0.051641002505827635,0.118188955,-2.288665,0.06329525,G-9,M,+,-,+_-
F4R,0.036539195054583716,0.097232625,2.66105,0.25106,F-4,R,+,+,+_+
M35A,0.526573106640622,1.1975839,2.2742975,-0.16256525,M-35,A,+,+,+_+
F4G,0.03586695211605711,0.15538819,4.33235,-0.03215725,F-4,G,+,+,+_+
L17C,0.18439373451476085,0.36225486,1.9645725,-0.0352375,L-17,C,+,+,+_+
S8H,3.279222475182305e-05,0.0001418772,4.32655,4.394925,S-8,H,+,+,+_+
K28D,0.4876371686469745,1.0887024,2.2326075,0.001587145,K-28,D,+,+,+_+
G38N,0.009564327739796975,0.13850103,14.481,13.447675,G-38,N,+,+,+_+
I31G,0.17931717804904873,0.65221244,3.6372,-0.369175,I-31,G,+,+,+_+
M35P,0.6516057597500855,1.6686809,2.560875,1.0909425,M-35,P,+,+,+_+
L17Y,-0.08901752371207139,-0.20269802,2.2770575,1.4536075,L-17,Y,-,+,-_+
V24E,0.11439395398268673,0.3148379,2.752225,-0.64175,V-24,E,+,+,+_+
K16G,0.09676360560605574,0.2259406,2.334975,-0.12784525,K-16,G,+,+,+_+
V12P,-0.03532426172036842,-0.13854617,3.922125,1.8463825,V-12,P,-,+,-_+
G33V,-0.40148420508416655,1.1454244,-2.852975,0.4908875,G-33,V,+,-,+_-
V24R,0.0052900008695803405,0.022812732,4.312425,2.6507,V-24,R,+,+,+_+
N27I,0.024123104549723634,-0.052525286,-2.177385,-0.0238446,N-27,I,-,-,-_-
V40D,0.3377947999377238,1.4102764,4.17495,0.065226,V-40,D,+,+,+_+
D7I,-0.14099452061335704,0.23621799,-1.67537,0.3300375,D-7,I,+,-,+_-
V40K,0.9562640218594151,1.6116061,1.685315,0.037481,V-40,K,+,+,+_+
G38V,0.06387618810366057,1.1218016,17.562125,16.56335,G-38,V,+,+,+_+
V36G,0.34218882851630944,0.96670055,2.82505,-0.024935025,V-36,G,+,+,+_+
I31Y,0.21752930403647108,0.55588526,2.55545,2.6433,I-31,Y,+,+,+_+
G38Q,0.06080632778496947,0.7456908,12.263375,10.997375,G-38,Q,+,+,+_+
I32T,0.7853332753243293,1.4440669,1.838795,-0.927535,I-32,T,+,+,+_+
F19D,0.10525911515870022,0.39065868,3.7114,-0.2587125,F-19,D,+,+,+_+
V36C,-0.04823340180097052,-0.087295584,1.8098575,0.0158303,V-36,C,-,+,-_+
D23G,0.1453625706550746,-0.28256485,-1.9438625,-0.4747225,D-23,G,-,-,-_-
F19R,0.20699213785889534,0.36509946,1.7638325,-0.13140325,F-19,R,+,+,+_+
G37W,0.30526700812138025,2.0964746,6.867675,6.70855,G-37,W,+,+,+_+
F20D,0.1501858161390599,0.3118631,2.076515,0.014941925,F-20,D,+,+,+_+
F19G,0.1486266112499649,0.3175467,2.13654,-0.2546225,F-19,G,+,+,+_+
G29T,-0.012429901652258471,-0.075737566,6.093175,5.512075,G-29,T,-,+,-_+
F20G,-0.06858872670083876,-0.117753126,1.7168,0.0082521,F-20,G,-,+,-_+
F4P,0.01027192945346861,0.07041459,6.85505,5.040025,F-4,P,+,+,+_+
V40P,0.4300713581887761,1.4075913,3.272925,0.8312675,V-40,P,+,+,+_+
G29S,0.15138652914939274,0.67372304,4.45035,2.4626025,G-29,S,+,+,+_+
D7W,-0.014287856475651308,0.028335927,-1.9832175,0.19403975,D-7,W,+,-,+_-
V36E,0.2729772357938406,1.0330687,3.78445,0.401185,V-36,E,+,+,+_+
G29D,0.23554242113868507,1.253333,5.32105,2.763725,G-29,D,+,+,+_+
H6D,0.17992582856945016,0.3377941,1.8774075,-0.110673,H-6,D,+,+,+_+
S8E,0.04692632162570233,0.23698379,5.050125,0.7540775,S-8,E,+,+,+_+
A2P,0.02591948702554866,0.077711806,2.9982,2.708125,A-2,P,+,+,+_+
G29I,-0.04214769899880555,-0.26552945,6.299975,7.194575,G-29,I,-,+,-_+
V40G,0.48021719097982996,1.3314862,2.772675,-0.05362925,V-40,G,+,+,+_+
G38W,0.09140992912436556,1.9581218,21.421325,21.48015,G-38,W,+,+,+_+
G29V,-0.05942119875137332,-0.34073898,5.7343,6.518775,G-29,V,-,+,-_+
A21Q,0.16454764674281178,0.35223892,2.14065,1.0999975,A-21,Q,+,+,+_+
V36Q,0.22190931931752575,0.55731416,2.51145,0.3456325,V-36,Q,+,+,+_+
V40W,0.4657253985451168,1.5045259,3.2305,3.1076,V-40,W,+,+,+_+
G38I,0.07347314684164917,1.3629581,18.550425,17.8949,G-38,I,+,+,+_+
G37Q,0.4314109328600394,1.8777053,4.352475,4.267075,G-37,Q,+,+,+_+
I41E,0.6401698521867994,1.5162615,2.36853,-0.03149725,I-41,E,+,+,+_+
A42Y,0.07986068095312582,0.574368,7.192125,8.8882,A-42,Y,+,+,+_+
F4S,0.05207446854197982,0.15763202,3.02705,0.035199,F-4,S,+,+,+_+
E22F,-0.27549501977238033,0.61672384,-2.2386025,0.1063495,E-22,F,+,-,+_-
G38A,0.1743073096764359,1.0863093,6.23215,5.80745,G-38,A,+,+,+_+
A21W,0.1295341080798923,0.589364,4.549875,5.449225,A-21,W,+,+,+_+
F4T,0.0666134128659264,0.18147159,2.72425,0.7258875,F-4,T,+,+,+_+
H14M,-0.18764293478661662,0.31805712,-1.6950125,0.0141397,H-14,M,+,-,+_-
G33I,-0.5188298353734155,1.3701388,-2.640825,0.972925,G-33,I,+,-,+_-
F4Q,0.07009199368262263,0.16820186,2.39973,0.06464925,F-4,Q,+,+,+_+
V12A,0.0066523943512657524,0.011295117,1.6979025,-0.01577475,V-12,A,+,+,+_+
L17H,0.030917682314526265,0.0685057,2.215745,0.09062975,L-17,H,+,+,+_+
L17A,0.08358917449372401,0.18201898,2.1775425,-0.12103475,L-17,A,+,+,+_+
G37Y,0.3439820022281126,1.7908391,5.2062,5.41345,G-37,Y,+,+,+_+
L17K,-0.04789144961499832,-0.10728882,2.24025,0.0828885,L-17,K,-,+,-_+
G25P,0.30366935808438417,0.5470315,1.801405,2.0390175,G-25,P,+,+,+_+
A30M,-0.0953830084714792,0.2022735,-2.120645,0.7941775,A-30,M,+,-,+_-
G37E,0.3593319336428424,1.8227292,5.07255,4.297,G-37,E,+,+,+_+
I32E,0.6715612437216921,1.7014172,2.533525,-1.114115,I-32,E,+,+,+_+
K16P,-0.10428833967645364,-0.2760747,2.647225,0.8815375,K-16,P,-,+,-_+
E22M,-0.13359748434218982,0.25671625,-1.921565,-0.013978075,E-22,M,+,-,+_-
A30W,0.32375146560006274,1.2384222,3.825225,6.543425,A-30,W,+,+,+_+
G38H,0.07461789104359888,1.5089118,20.22185,18.413525,G-38,H,+,+,+_+
R5E,0.22117501313630664,0.41250467,1.86506,0.002752525,R-5,E,+,+,+_+
F19A,0.29892250538347315,0.54554254,1.82503,-0.2551525,F-19,A,+,+,+_+
G37S,0.37198568835728524,1.2502067,3.3609,3.0223,G-37,S,+,+,+_+
M35R,0.7689933110792389,1.5146669,1.969675,0.006653325,M-35,R,+,+,+_+
E22L,-0.2048382342373991,0.44897622,-2.1918575,0.00063226,E-22,L,+,-,+_-
A42D,0.33566243999846396,1.0926232,3.255125,0.003136825,A-42,D,+,+,+_+
I31Q,0.10896506160113875,0.22199452,2.0373,-0.17247475,I-31,Q,+,+,+_+
A30R,0.8012581859972552,1.6872334,2.10573,1.70566,A-30,R,+,+,+_+
M35G,0.4516956967213115,1.322565,2.928,-0.252435,M-35,G,+,+,+_+
F19V,-0.07510147128836972,-0.14709806,1.9586575,0.75203,F-19,V,-,+,-_+
G38Y,0.08373757970816302,1.6533064,19.7439,20.8182,G-38,Y,+,+,+_+
S8Y,0.005696445457505699,0.04373446,7.6775,9.111575,S-8,Y,+,+,+_+
V24D,0.244207733811901,0.52355635,2.1438975,-0.9884575,V-24,D,+,+,+_+
G37T,0.4902996427377203,2.0894487,4.261575,5.053725,G-37,T,+,+,+_+
M35S,0.3962554322220756,1.0513251,2.65315,-0.095811,M-35,S,+,+,+_+
F4N,0.055365787839548666,0.115016334,2.07739,0.0554985,F-4,N,+,+,+_+
S26P,0.17501997043517,0.64822584,3.703725,2.787225,S-26,P,+,+,+_+
A30V,0.2686965588563892,-0.66318274,-2.4681475,-0.22679175,A-30,V,-,-,-_-
G29W,0.16307993447241106,1.0651729,6.5316,8.806925,G-29,W,+,+,+_+
N27D,0.8522352601002575,1.4442277,1.694635,-0.08021725,N-27,D,+,+,+_+
H14P,-0.09237083502417703,-0.18892884,2.04533,1.0225975,H-14,P,-,+,-_+
V36S,0.19857304239469542,0.5457929,2.748575,0.2457325,V-36,S,+,+,+_+
S8I,0.14022273891497236,0.2582682,1.8418425,2.762975,S-8,I,+,+,+_+
G38M,0.11971435656278505,1.3517786,11.2917,10.929475,G-38,M,+,+,+_+
V24H,-0.007428513462026924,-0.023396846,3.1496,2.2222925,V-24,H,-,+,-_+
V40R,0.5448502462231868,1.6319627,2.99525,0.6688175,V-40,R,+,+,+_+
G37R,0.41928490322713236,2.040146,4.865775,4.44255,G-37,R,+,+,+_+
I31W,0.3798855472838214,0.9618892,2.53205,2.4379325,I-31,W,+,+,+_+
L17D,0.08094448413314698,0.31272092,3.8634,-0.065012,L-17,D,+,+,+_+
G29Y,0.07419202475420472,0.5574696,7.513875,8.021875,G-29,Y,+,+,+_+
V40A,0.614613941084965,1.2445625,2.02495,-0.07062525,V-40,A,+,+,+_+
G38C,0.025590444846818192,0.27312106,10.672775,9.479475,G-38,C,+,+,+_+
G37A,0.44363846229583065,1.0588785,2.386805,2.84705,G-37,A,+,+,+_+
H13P,-0.04831817849016244,-0.16828376,3.482825,1.3147025,H-13,P,-,+,-_+
F19N,0.13551117822492356,0.35895556,2.6489,-0.254235,F-19,N,+,+,+_+
S8F,0.015542014083742148,0.06439173,4.143075,6.0597,S-8,F,+,+,+_+
A21H,0.06546129756532146,0.14548577,2.22247,2.1783825,A-21,H,+,+,+_+
G33M,-0.12366595657282602,0.3236369,-2.617025,1.3691025,G-33,M,+,-,+_-
G29A,0.17376129688104427,0.4828783,2.778975,2.347015,G-29,A,+,+,+_+
E3W,0.09740146820035901,-0.16780885,-1.7228575,0.078417,E-3,W,-,-,-_-
F4I,0.07265474681965577,0.18204555,2.505625,1.2991525,F-4,I,+,+,+_+
N27P,0.4216083248845201,0.9179794,2.1773275,1.9250675,N-27,P,+,+,+_+
I41A,0.676940181379985,1.5462363,2.284155,-0.0272765,I-41,A,+,+,+_+
F19I,-0.17048951276160984,-0.33582598,1.969775,0.3863875,F-19,I,-,+,-_+
E22Y,-0.1306096845534826,0.3166942,-2.4247375,0.190798,E-22,Y,+,-,+_-
Y10T,0.022542809670727696,0.039583314,1.7559175,0.08145025,Y-10,T,+,+,+_+
G37C,0.06540997806126594,0.20125015,3.07675,3.265875,G-37,C,+,+,+_+
A42R,0.1689785967788555,0.89154375,5.276075,1.85034,A-42,R,+,+,+_+
G38P,0.046427216757024437,0.536723,11.560525,11.83945,G-38,P,+,+,+_+
G29H,0.14924983985608986,0.68034047,4.5584,3.89455,G-29,H,+,+,+_+
V40Y,0.10872234668691855,0.2863203,2.6335,2.88965,V-40,Y,+,+,+_+
E22P,-0.5145700212929133,-1.0802317,2.09929,2.149175,E-22,P,-,+,-_+
G37K,0.512079058100487,2.199674,4.295575,4.4363,G-37,K,+,+,+_+
A21P,0.10451512064444318,0.27700165,2.65035,2.4651975,A-21,P,+,+,+_+
M35H,0.30429868617310524,0.74005973,2.4320175,-0.02926875,M-35,H,+,+,+_+
F20E,0.24617067758019423,0.4270692,1.73485,-0.0192492,F-20,E,+,+,+_+
A30E,0.5967620890448118,1.31999,2.21192,0.2205935,A-30,E,+,+,+_+
V36D,0.35721662316803854,1.2455072,3.4867,0.016624075,V-36,D,+,+,+_+
A2W,0.024319571970195245,0.046681236,1.9194925,2.0399125,A-2,W,+,+,+_+
A21D,0.20530630047364298,0.49707273,2.4211275,0.107844,A-21,D,+,+,+_+
D7L,-0.143966073597271,0.25575465,-1.7764925,0.0361285,D-7,L,+,-,+_-
V12G,-0.018484078312532397,-0.04635622,2.5079,-0.006628075,V-12,G,-,+,-_+
M35C,0.3980399810696166,0.7969049,2.0020725,-0.098933,M-35,C,+,+,+_+
A21Y,0.04202982856292005,0.15524873,3.693775,5.20885,A-21,Y,+,+,+_+
V24F,0.0746489183349168,0.22196296,2.973425,3.691175,V-24,F,+,+,+_+
V40H,0.2798858602260724,0.665754,2.3786625,0.7832625,V-40,H,+,+,+_+
S8D,0.029983370818047136,0.18164001,6.058025,0.85406,S-8,D,+,+,+_+
A42W,0.10039019759629782,0.8883378,8.84885,10.172175,A-42,W,+,+,+_+
M35T,0.6321977675138142,1.4221352,2.24951,0.110392,M-35,T,+,+,+_+
L17G,0.001063330230369341,0.0036152962,3.399975,-0.1757545,L-17,G,+,+,+_+
E11Y,-0.023754707276486313,-0.07066194,2.97465,3.54235,E-11,Y,-,+,-_+
G37I,0.2563203520659425,1.834677,7.15775,7.99265,G-37,I,+,+,+_+
V40S,0.6450927688691905,1.2859247,1.993395,-0.06127825,V-40,S,+,+,+_+
L17R,-0.08423162075429734,-0.26510218,3.1473,0.1375025,L-17,R,-,+,-_+
A30D,0.49328586325590845,1.3363484,2.709075,0.066702,A-30,D,+,+,+_+
A30H,0.3694026701409948,1.2333524,3.338775,3.944475,A-30,H,+,+,+_+
G38T,0.03175314483961279,0.5180343,16.314425,15.341125,G-38,T,+,+,+_+
G29F,0.08693314895818635,0.46207142,5.31525,6.56905,G-29,F,+,+,+_+
G29K,0.1565784959097058,0.67421526,4.305925,3.347475,G-29,K,+,+,+_+
Q15G,0.09096186982927237,0.15939726,1.7523525,-0.003956875,Q-15,G,+,+,+_+
E11H,-0.13265608172452603,-0.3830776,2.88775,1.5282975,E-11,H,-,+,-_+
S8R,-0.021080770799799285,-0.080871634,3.836275,4.0678,S-8,R,-,+,-_+
A42E,0.4054571778065836,1.1104053,2.73865,0.0831175,A-42,E,+,+,+_+
R5P,0.10580239768005023,0.26542383,2.508675,1.7589525,R-5,P,+,+,+_+
S8P,-0.001458944342056764,-0.0063329856,4.3408,3.900025,S-8,P,-,+,-_+
A42K,0.3891763580606037,0.98668855,2.535325,1.842365,A-42,K,+,+,+_+
G37M,0.5403869918699187,1.9275604,3.567,4.373025,G-37,M,+,+,+_+
I31H,0.15422221930572874,0.41128367,2.666825,0.6508375,I-31,H,+,+,+_+
I31R,0.18472545681439498,0.66242087,3.585975,0.19157175,I-31,R,+,+,+_+
F4C,0.10855046980826354,0.25407133,2.3405825,0.10018825,F-4,C,+,+,+_+
A2Y,0.03676055372373013,0.06675303,1.8158875,2.0367925,A-2,Y,+,+,+_+
I31P,0.35379225771916595,1.4540508,4.1099,1.3388475,I-31,P,+,+,+_+
M35E,0.5961706325199974,1.7738461,2.9754,-0.0740145,M-35,E,+,+,+_+
G37D,0.2477112175314757,1.3177184,5.319575,4.093475,G-37,D,+,+,+_+
A21R,0.21590315839080668,0.59557426,2.758525,1.1100325,A-21,R,+,+,+_+
L17P,-0.028388733275956497,-0.0907091,3.19525,0.1595245,L-17,P,-,+,-_+
N27L,-0.1530555819600591,0.3542349,-2.31442,0.07797925,N-27,L,+,-,+_-
I31T,0.1393748257750498,0.2687401,1.9281825,-0.16603875,I-31,T,+,+,+_+
D23Y,-0.6350396104260669,1.0745537,-1.692105,0.10946775,D-23,Y,+,-,+_-
A42P,0.41756406699062737,0.86229694,2.065065,2.867225,A-42,P,+,+,+_+
