,D-1,A-2,E-3,F-4,R-5,H-6,D-7,S-8,G-9,Y-10,E-11,V-12,H-13,H-14,Q-15,K-16,L-17,V-18,F-19,F-20,A-21,E-22,D-23,V-24,G-25,S-26,N-27,K-28,G-29,A-30,I-31,I-32,G-33,L-34,M-35,V-36,G-37,G-38,V-39,V-40,I-41,A-42
G,,,,,,,,,,,,0.2932490289603866,-0.48259855039869953,0.05022617333156883,0.8001810227332626,-0.3045401212415294,-0.0011255154142506907,-0.05583502011150003,-0.0983337436421488,0.0240199755216939,-0.0069155157255778275,-0.49215412365940875,-0.24961063053075358,0.0704678721375642,,-0.23093527250102078,-0.6098092556066081,-0.46045289897722724,,-0.016717424679571248,-0.13485494169216772,-0.34780068848584494,,-0.33617878360628084,-0.35251244394394726,-0.8463977988591542,,,-1.0106124380357895,-0.3762004351142882,-0.5560590369929047,-1.8454342476988976
A,,,,,,,,,,,,-0.03498537877203987,4.000763813731449,-0.029134398559774004,4.396607611466167,-0.46153140780307833,-0.0793724041770823,-0.13058850179157253,-0.23917941770600762,-0.10471423157142007,,-0.2388004268711002,0.31007641756795024,-0.03274126148952868,3.6965051137202076,-0.8729723348702849,-0.603633485789842,-0.146431993016019,-0.12157669066921799,,-0.24788761566070663,-0.36632247875853247,-1.004347113648461,-0.2807042739813412,-0.43715418872056944,-0.5419538443344427,-0.8049140357311857,-0.20125410823128367,-0.8982678090536668,-0.48816901684677083,-1.0650972544873107,
V,,,,,,,,,,,,,-0.20856880003777073,-3.377435998038254,-0.8955535007721085,-0.14076763514036705,0.24150248540585934,,0.17969467383337406,-0.0014499803903752593,0.19209001864291422,-0.01238981065227878,0.6109015790719992,,-0.06280687537864942,0.4201129126782575,-0.05248136191221627,-0.3267135385071272,0.03804440201644643,-1.3405417085681077,-0.2212552548313392,-0.5001906854610003,-0.21865086091703892,0.09538752616203926,-0.4863330315410932,,-0.29614973249713494,-0.0940292279773854,,,-0.9646962304413876,4.106193600895264
L,,,,,,,,,,,,0.6946746270615153,0.42154110870493955,0.035015344073302875,0.045865871567678414,1.3810037766919043,,0.565594480449304,-0.15118201260263509,-0.07196916824907579,-0.5195104634909142,0.2667353165273262,0.5357125494182763,0.20139328589673416,-1.8089741630925456,-1.9341902550865913,0.19618952411281726,4.838538960142583,-0.026702234072513986,-0.1469414396423205,4.201108265923324,-3.0679196976746828,-0.0861855635964761,,-3.5807590528647646,-0.058843186164127155,-1.3651587440994164,-0.14768632931265133,1.5613653538091343,2.5263993677800247,-3.0547864309373987,1.274266228430567
M,,,,,,,,,,,,0.16297461258602428,0.15934976765235412,0.16078432482711208,0.20329263859193952,0.6391276020758886,-0.25501565873679705,-0.3810707869382636,0.236173461389984,-0.09373688942570818,-0.18113708340701798,0.27175374339051406,0.4574458534303598,-0.03127301632616647,-6.529456271789927,0.3056848285630105,0.0013355049950641658,-4.20799036846941,-0.032487362506634455,0.11064820829532665,7.745455296406282,-2.7368221557622188,-0.03988697104333948,-0.19603294040721436,,0.1681760308584756,-1.4647505062824617,-0.08954103366618643,1.1151315920348526,2.150434855627932,2.6677000677618152,1.0513393273466343
I,,,,,,,,,,,,0.4200592071449978,-0.20817772864773984,-210.04018068548191,-0.5256776612602386,-0.3281852933165774,0.5684549565490937,0.22378673638545474,0.18709880286643502,0.0977697648184903,0.35447211719902566,1.5145941480088285,0.69284360746504,-0.26369128633085276,-0.06748595747759044,-0.1124569718091163,-0.017461573444590348,-1.2384022308217617,0.021900961720870003,-0.5530173250720234,,,-0.14574975600026596,0.2623548651272743,-0.5105851280113708,-0.3138109691837697,-0.4539032657100445,-0.09046117035662907,-0.09629327107456921,0.5851513098148795,,0.07439139473633137
F,,,,,,,,,,,,-0.1486073446407525,0.026951403632281008,0.12009482467431691,1.0894859134565575,-12.402806543454133,0.10125130460475742,0.012302994802409043,,,-1.058160546683999,0.5512824755353835,0.6752292627241115,0.19925487784625187,1.7654606171189637,-1.511679224206317,-0.8289094240001503,1.9135649330713496,-0.012857639513043478,-0.08758883994126286,-0.21710474450426637,6.1127433719904545,-0.0347292948173668,2.684637123680182,-1.4725288661004345,0.05969276733865855,-1.7964108675782722,-0.09674905814852386,3.1819932947272176,-0.26143871483552605,1.2859158846526255,0.00985879536110649
Y,,,,,,,,,,,,-0.2327079068665673,-0.05667145529000178,0.13860803023561144,8.871513493077934,-2.7645768531609773,0.08120458788369242,0.030196017153263234,-0.4234930186106363,-0.07167274642660473,0.5309645678716782,0.35483347618807526,0.6637195778225589,-0.8882637482370175,6.681329870505941,-0.6524083366116336,-0.3128760001960902,1.7433882793931428,-0.016891098738779687,-0.5163426335361954,-0.13345463406436434,-1.0209455032219668,-0.032635998013902684,-3.519157759751528,-0.9474035147200092,0.26153360103932916,-1.4223761216316302,-0.09670239839502598,116.90428780216688,-0.05987772259110159,0.5331387064221931,-0.09995744958559029
W,,,,,,,,,,,,-0.44556445370384984,1.0957199665793513,0.7752042170663559,-2.180438868849852,-0.7828655901329891,0.0065146454622038675,-0.02356218269128281,-0.3925662382770681,-0.9126177221744913,-1.8776131765905253,0.8187180106844951,0.9391203325076619,-0.2389427508794318,-8.739972702520143,-1.0160426517985273,-0.3878616279254878,14.118382597035717,-0.026881843820387767,-0.37282502314309585,-0.40114861828626835,-0.5757774249354219,-0.0465185910603672,-0.6227040018311524,-0.26293320931788017,8.2792534875942,-1.481442595612149,-0.06386568166992825,8.449151925223772,-0.2522742691382245,-0.7493472916515733,-0.11149867269133013
K,,,,,,,,,,,,-0.2354041786777844,0.39107291921119175,1.8115293897466749,-27.31079405416764,,0.04176449842344972,-0.051124607683525745,-0.09114110618949657,0.009499983237584384,0.5644174763059618,-0.13755555342339576,0.020031799753310812,0.005372175726400667,0.7993475375079981,-7.592568408359097,-1.2698823407572766,,-0.04553408715237737,-0.4926701094903719,-0.26657471492475493,-0.5646473688912713,-0.031017530933110056,-0.3697983704879494,-1.0171132577172655,1.2190380534946867,-2.0947380951247268,-0.04355223023575744,-7.432778512686318,-0.6496813686956031,-3.3905890146117525,-0.3129165768108588
R,,,,,,,,,,,,0.33229088919902655,1.238708062808217,-0.3989969109208035,-10.00289571602118,-0.4849940229843006,0.06849212127475424,-0.015639053516038174,-0.15375538286768323,0.014995392772557108,1.0805440328023515,-0.23698273186652943,0.02446772344206845,-0.013956582545654767,-0.22673721200544225,5.652694076271415,-1.0274432096661892,-1.5241354920012444,-0.06789514973103011,-0.31507773612388484,-0.21899477490433333,-0.5050134691242918,-0.06408014891054419,-0.37671620301559633,-0.5692845357337493,20.21647324142963,-1.5452783384902047,-0.09838091134548903,-2.4274540199440526,-0.37960566165011284,-2.810529583774031,-0.16529200463499422
D,,,,,,,,,,,,-0.19440349367641835,1.7584895246504784,-0.11706497620559507,-0.3721183098591549,-0.23284070921961578,-0.07676676199477128,-0.0619760397981045,-0.12702591674321434,-0.05627012494925346,-0.5611552575207227,-0.13093333930164375,,-0.1619826742054499,-0.8597070311950753,-0.4250989512838927,-0.828606336347363,-0.7012350004830762,-0.10444550464067334,-0.32861968990913676,-0.42402284343763025,-0.267732035298414,-0.12646627389196502,-0.41599427911494546,-0.44724512964430224,-1.4129206335701423,-0.9023784259444726,-0.050395280994361906,-0.8383607517798016,-0.32737360864468357,-0.7355866232330176,-0.3139631619781041
E,,,,,,,,,,,,-0.6892087719449745,1.5977483339702547,-0.3722959291008234,2.253192842560346,-0.2878458565979508,-0.11602352803032843,-0.06693926255380202,-0.14838413908437253,-0.08665737330695479,-0.679831183733419,,-0.2691980874040157,-0.11814248189425496,-1.0604646470371524,-0.8926658808083519,-0.7875095613444417,-0.6939417760036646,-0.09220294315368982,-0.32015668392777014,-0.39098204106261014,-0.37730038031245494,-0.10305179133597431,-0.5541418877506348,-0.494252107162262,-2.1737602710181068,-0.8124389828072087,-0.08734598049819413,-1.268509337080188,-0.36340233137439837,-0.9985570836097934,-0.3032071705532194
S,,,,,,,,,,,,-0.18376546682422382,2.2851179928364553,-0.1634675329236172,-0.14575666390358988,-0.11265843819020599,-0.01830958689756939,-0.08787050452891604,-0.13450976485353205,-0.019023800528089645,-0.8312675462694655,-0.28251195554181985,0.2886843638299687,-0.03643059897048746,-0.03487579953496231,,-0.67691744402683,-0.408216629676891,-0.12050997030730154,-1.334482333558002,-0.1981674007432036,-0.3797308412111906,-0.18993058560397838,-0.20211563248361114,-0.3459842693301301,-0.6560602217747994,-4.006880117943047,-0.10777929852195559,-0.6348037881304769,-0.4415192103004292,-0.5543971285676809,-0.12401752768069547
T,,,,,,,,,,,,-0.28255510894457275,-0.19638087740139604,-0.1744114265023218,0.5205810202700012,0.19498666689450997,0.0458209251039473,-0.01799038062304001,-0.17920925210068783,-0.014250518403150964,-0.3725219108024209,0.7131105074198181,0.29187669487999557,-0.2579072707560108,-0.058784086710185986,0.16139962125422655,-18.939104031256406,-0.5587083980096615,0.008078695249854,0.5280849200258746,-0.1411220337024959,-0.51603305460263,-0.08967791601044321,-0.022245084307075332,-0.6105051857957278,-0.31930088483522273,-0.6505892499902698,-0.04354876213694254,-0.41359176716834445,-0.5420074123948344,-0.8509630507326191,0.13359404166021638
C,,,,,,,,,,,,6.660193054716862,0.42811852333360423,-0.20354280007937675,-1.5013441640892073,-0.29460116470633313,-0.14537091055745838,-0.17425956208206173,-0.27529721241413674,-0.11398283000177796,2.2986898481535714,-0.26179416546285833,0.5336711266004318,-0.1342169140725635,-0.36668139734162336,-0.46909438565073003,1230.8416417042963,-0.7048328339318527,-0.053489797802603635,0.33529111485037444,-0.24306201566348748,-0.4621307303180083,-0.28623878113754264,0.009170370224961722,-0.4236743113473999,0.10447741773333573,-0.18946941542256354,-0.03146075743046137,-0.5703492517420201,-0.45117900346360784,-1.0961324289582366,-2.5215991985664497
N,,,,,,,,,,,,0.03617978381206938,-1.0245686367635691,-0.04496571310296745,0.5436478862949558,0.29716828537354945,0.11912339952128234,-0.06780612188148714,-0.1614983685070687,-0.02351219608186701,-0.1218683649242474,-0.34705424428929255,-0.3047613205920182,0.027030138486551895,0.15531878390756007,0.05278467350903222,,-0.09018062561132313,-0.023955054794061466,-0.03881518573035857,-0.21864099538330953,-0.441715735958813,0.11547873835153082,-0.10836239321717926,-0.06413734009593583,-0.7120171384567284,-0.9872644817772882,-0.012210587426274167,-0.3095863540251431,-0.3012656821528588,-0.44500959575775545,0.41140258138309205
Q,,,,,,,,,,,,-1.0951770657189532,0.49649351264442315,-1.3653207751536416,,-0.1496541155350149,0.0264073721099611,-0.045605849755224775,-0.1162157996973567,-0.03557929683618866,2.6781952691965545,-0.3874273737083453,0.05044635931856729,-0.20437256001794932,-0.4566529760079266,0.045917952344685015,-2.3202454738993272,-0.520727789588577,-0.016640620306317667,-1.4777381858934755,-0.1112679192134868,-0.526413915314307,-0.005963923716797887,-0.12388120343409441,-0.3421316521811059,2.380041808751652,-1.2781983288235392,-0.04749751506012106,-1.1021936604124372,-0.41852792967928254,-0.776693773554195,0.006326519966228961
H,,,,,,,,,,,,0.0911687318162926,,,0.1586244178714837,0.33557277573220395,-0.02666992388998112,-0.06663410473155033,-0.23965068209331353,0.004473293659942363,-0.3553069737340187,-0.1826275715721678,0.09871005787613307,0.026007331943865498,-0.017988659519412562,-0.12449375612177631,0.6405143566551389,-0.13382533402802924,-0.032487007283236856,-0.8957718286536032,-0.14211230531344213,-0.47099014700666064,0.002329266146770646,-0.6503485789438941,-0.47783090670781714,-1.6007295056269664,-1.4272035435493797,-0.05723162526076237,-0.9164471710826613,-0.1769975075604001,-0.40870091913197193,-0.041602073806611004
P,,,,,,,,,,,,0.2877565995804515,0.12340957158152564,1.001264453250764,0.15951141616941897,0.0971025544075621,0.042900735198484675,-0.0051709668841077635,-0.06433223401065795,-0.07405248686844493,-0.11834048747873249,0.7882328217607751,-0.19205587580027578,-0.16075461188608406,-0.13839263803680982,-0.438546764561124,-0.3549221029026552,-0.4172432245096,-0.10164061200189212,-0.022227924908046513,-0.2884577867490614,-0.2729245047329999,-0.5395739437671063,-0.30182028299423913,-0.3459373918091072,-0.5795465309135532,-0.3327255737138572,-0.04304087986640016,-0.4950492415196144,-0.3558387390348105,-0.39782822764371506,1.0357641264950797
